address_id,exposure_date,pm25
A01,2024-12-25,24.2008633056256
A02,2024-12-25,38.262572590779804
A03,2024-12-25,29.72777673738401
A04,2024-12-25,30.410271851761788
A01,2024-12-26,25.27894962302432
A02,2024-12-26,39.340658908178526
A03,2024-12-26,30.80586305478273
A04,2024-12-26,31.48835816916051
A01,2024-12-27,26.237802508700845
A02,2024-12-27,40.299511793855054
A03,2024-12-27,31.764715940459254
A04,2024-12-27,32.447211054837034
A01,2024-12-28,27.027131407839097
A02,2024-12-28,41.0888406929933
A03,2024-12-28,32.5540448395975
A04,2024-12-28,33.23653995397528
A01,2024-12-29,27.60718594602985
A02,2024-12-29,41.66889523118406
A03,2024-12-29,33.13409937778826
A04,2024-12-29,33.81659449216604
A01,2024-12-30,27.951227415023723
A02,2024-12-30,42.01293670017793
A03,2024-12-30,33.47814084678213
A04,2024-12-30,34.16063596115991
A01,2024-12-31,28.047191256103257
A02,2024-12-31,42.108900541257455
A03,2024-12-31,33.57410468786166
A04,2024-12-31,34.25659980223944
A01,2025-01-01,27.898437175910235
A02,2025-01-01,41.96014646106444
A03,2025-01-01,33.42535060766865
A04,2025-01-01,34.10784572204643
A01,2025-01-02,27.523540256159194
A02,2025-01-02,41.5852495413134
A03,2025-01-02,33.0504536879176
A04,2025-01-02,33.73294880229538
A01,2025-01-03,26.955136045023334
A02,2025-01-03,41.01684533017754
A03,2025-01-03,32.48204947678174
A04,2025-01-03,33.164544591159526
A01,2025-01-04,26.237891436816835
A02,2025-01-04,40.29960072197104
A03,2025-01-04,31.764804868575244
A04,2025-01-04,32.44729998295303
A01,2025-01-05,25.42572750084698
A02,2025-01-05,39.487436786001176
A03,2025-01-05,30.952640932605387
A04,2025-01-05,31.635136046983167
A01,2025-01-06,24.578466930487075
A02,2025-01-06,38.64017621564128
A03,2025-01-06,30.105380362245484
A04,2025-01-06,30.787875476623263
A01,2025-01-07,23.75811455784903
A02,2025-01-07,37.819823843003235
A03,2025-01-07,29.28502798960744
A04,2025-01-07,29.96752310398522
A01,2025-01-08,23.025002193638134
A02,2025-01-08,37.08671147879234
A03,2025-01-08,28.551915625396543
A04,2025-01-08,29.234410739774322
A01,2025-01-09,22.434037487375793
A02,2025-01-09,36.49574677253
A03,2025-01-09,27.960950919134202
A04,2025-01-09,28.64344603351198
A01,2025-01-10,22.031290035693175
A02,2025-01-10,36.092999320847376
A03,2025-01-10,27.558203467451584
A04,2025-01-10,28.240698581829363
A01,2025-01-11,21.85112699794712
A02,2025-01-11,35.91283628310133
A03,2025-01-11,27.37804042970553
A04,2025-01-11,28.060535544083308
A01,2025-01-12,21.914076312705998
A02,2025-01-12,35.9757855978602
A03,2025-01-12,27.440989744464407
A04,2025-01-12,28.123484858842186
A01,2025-01-13,22.225550369954956
A02,2025-01-13,36.28725965510916
A03,2025-01-13,27.752463801713365
A04,2025-01-13,28.434958916091144
A01,2025-01-14,22.77550949490114
A02,2025-01-14,36.837218780055345
A03,2025-01-14,28.30242292665955
A04,2025-01-14,28.98491804103733
A01,2025-01-15,23.53908616632594
A02,2025-01-15,37.600795451480145
A03,2025-01-15,29.06599959808435
A04,2025-01-15,29.74849471246213
A01,2025-01-16,24.478131158610474
A02,2025-01-16,38.53984044376468
A03,2025-01-16,30.005044590368882
A04,2025-01-16,30.687539704746662
A01,2025-01-17,25.543585475811803
A02,2025-01-17,39.60529476096601
A03,2025-01-17,31.07049890757021
A04,2025-01-17,31.75299402194799
A01,2025-01-18,26.678530602417283
A02,2025-01-18,40.740239887571484
A03,2025-01-18,32.20544403417569
A04,2025-01-18,32.88793914855347
A01,2025-01-19,27.82172742095877
A02,2025-01-19,41.883436706112974
A03,2025-01-19,33.34864085271718
A04,2025-01-19,34.03113596709496
A01,2025-01-20,28.911423763729978
A02,2025-01-20,42.97313304888418
A03,2025-01-20,34.43833719548839
A04,2025-01-20,35.12083230986617
A01,2025-01-21,29.889193863482664
A02,2025-01-21,43.95090314863687
A03,2025-01-21,35.416107295241076
A04,2025-01-21,36.098602409618856
A01,2025-01-22,30.70357098465353
A02,2025-01-22,44.76528026980774
A03,2025-01-22,36.23048441641194
A04,2025-01-22,36.91297953078972
A01,2025-01-23,31.313247375706464
A02,2025-01-23,45.37495666086067
A03,2025-01-23,36.84016080746487
A04,2025-01-23,37.522655921842656
A01,2025-01-24,31.689642585052212
A02,2025-01-24,45.75135187020641
A03,2025-01-24,37.21655601681062
A04,2025-01-24,37.8990511311884
A01,2025-01-25,31.818680455101035
A02,2025-01-25,45.88038974025524
A03,2025-01-25,37.34559388685944
A04,2025-01-25,38.02808900123722
A01,2025-01-26,31.70166430956487
A02,2025-01-26,45.76337359471908
A03,2025-01-26,37.22857774132328
A04,2025-01-26,37.91107285570106
A01,2025-01-27,31.35519591910147
A02,2025-01-27,45.41690520425568
A03,2025-01-27,36.88210935085988
A04,2025-01-27,37.56460446523766
A01,2025-01-28,30.810143283624278
A02,2025-01-28,44.87185256877848
A03,2025-01-28,36.33705671538269
A04,2025-01-28,37.019551829760466
A01,2025-01-29,30.109721409574533
A02,2025-01-29,44.17143069472874
A03,2025-01-29,35.63663484133294
A04,2025-01-29,36.31912995571072
A01,2025-01-30,29.306805410129243
A02,2025-01-30,43.368514695283444
A03,2025-01-30,34.83371884188765
A04,2025-01-30,35.51621395626543
A01,2025-01-31,28.46064298676027
A02,2025-01-31,42.52235227191448
A03,2025-01-31,33.98755641851868
A04,2025-01-31,34.67005153289646
