exposure_date,layer_index,layer_name,pollutant,unit,product
2024-12-25,1,pm25_20241225,PM2.5,µg/m³,teaching_simulation
2024-12-26,2,pm25_20241226,PM2.5,µg/m³,teaching_simulation
2024-12-27,3,pm25_20241227,PM2.5,µg/m³,teaching_simulation
2024-12-28,4,pm25_20241228,PM2.5,µg/m³,teaching_simulation
2024-12-29,5,pm25_20241229,PM2.5,µg/m³,teaching_simulation
2024-12-30,6,pm25_20241230,PM2.5,µg/m³,teaching_simulation
2024-12-31,7,pm25_20241231,PM2.5,µg/m³,teaching_simulation
2025-01-01,8,pm25_20250101,PM2.5,µg/m³,teaching_simulation
2025-01-02,9,pm25_20250102,PM2.5,µg/m³,teaching_simulation
2025-01-03,10,pm25_20250103,PM2.5,µg/m³,teaching_simulation
2025-01-04,11,pm25_20250104,PM2.5,µg/m³,teaching_simulation
2025-01-05,12,pm25_20250105,PM2.5,µg/m³,teaching_simulation
2025-01-06,13,pm25_20250106,PM2.5,µg/m³,teaching_simulation
2025-01-07,14,pm25_20250107,PM2.5,µg/m³,teaching_simulation
2025-01-08,15,pm25_20250108,PM2.5,µg/m³,teaching_simulation
2025-01-09,16,pm25_20250109,PM2.5,µg/m³,teaching_simulation
2025-01-10,17,pm25_20250110,PM2.5,µg/m³,teaching_simulation
2025-01-11,18,pm25_20250111,PM2.5,µg/m³,teaching_simulation
2025-01-12,19,pm25_20250112,PM2.5,µg/m³,teaching_simulation
2025-01-13,20,pm25_20250113,PM2.5,µg/m³,teaching_simulation
2025-01-14,21,pm25_20250114,PM2.5,µg/m³,teaching_simulation
2025-01-15,22,pm25_20250115,PM2.5,µg/m³,teaching_simulation
2025-01-16,23,pm25_20250116,PM2.5,µg/m³,teaching_simulation
2025-01-17,24,pm25_20250117,PM2.5,µg/m³,teaching_simulation
2025-01-18,25,pm25_20250118,PM2.5,µg/m³,teaching_simulation
2025-01-19,26,pm25_20250119,PM2.5,µg/m³,teaching_simulation
2025-01-20,27,pm25_20250120,PM2.5,µg/m³,teaching_simulation
2025-01-21,28,pm25_20250121,PM2.5,µg/m³,teaching_simulation
2025-01-22,29,pm25_20250122,PM2.5,µg/m³,teaching_simulation
2025-01-23,30,pm25_20250123,PM2.5,µg/m³,teaching_simulation
2025-01-24,31,pm25_20250124,PM2.5,µg/m³,teaching_simulation
2025-01-25,32,pm25_20250125,PM2.5,µg/m³,teaching_simulation
2025-01-26,33,pm25_20250126,PM2.5,µg/m³,teaching_simulation
2025-01-27,34,pm25_20250127,PM2.5,µg/m³,teaching_simulation
2025-01-28,35,pm25_20250128,PM2.5,µg/m³,teaching_simulation
2025-01-29,36,pm25_20250129,PM2.5,µg/m³,teaching_simulation
2025-01-30,37,pm25_20250130,PM2.5,µg/m³,teaching_simulation
2025-01-31,38,pm25_20250131,PM2.5,µg/m³,teaching_simulation
